Correlation_HIGH,Treasury_0.25Y,Treasury_0.5Y,Treasury_1.0Y,Treasury_2.0Y,Treasury_3.0Y,Treasury_5.0Y,Treasury_10.0Y,Treasury_15.0Y,Treasury_20.0Y,Treasury_30.0Y,SOFR_0.25Y,SOFR_0.5Y,SOFR_1.0Y,SOFR_2.0Y,SOFR_3.0Y,SOFR_5.0Y,SOFR_10.0Y,SOFR_15.0Y,SOFR_20.0Y,SOFR_30.0Y
Treasury_0.25Y,1.0,1.0,1.0,1.0,0.8986546667899077,0.7069067983744214,0.5,0.5,0.5,0.5,1.0,1.0,1.0,1.0,0.8977560121231177,0.7061998915760469,0.4995,0.4995,0.4995,0.4995
Treasury_0.5Y,1.0,1.0,1.0,1.0,1.0,0.9542243679210665,0.7069067983744214,0.5236894365595488,0.5,0.5,1.0,1.0,1.0,1.0,1.0,0.9532701435531454,0.7061998915760469,0.5231657471229891,0.4995,0.4995
Treasury_1.0Y,1.0,1.0,1.0,1.0,1.0,1.0,0.9542243679210665,0.821308524768821,0.7069067983744214,0.5236894365595488,1.0,1.0,1.0,1.0,1.0,1.0,0.9532701435531454,0.8204872162440522,0.7061998915760469,0.5231657471229891
Treasury_2.0Y,1.0,1.0,1.0,1.0,1.0,1.0,1.0,1.0,0.9542243679210665,0.821308524768821,1.0,1.0,1.0,1.0,1.0,1.0,1.0,1.0,0.9532701435531454,0.8204872162440522
Treasury_3.0Y,0.8986546667899077,1.0,1.0,1.0,1.0,1.0,1.0,1.0,1.0,0.9542243679210666,0.8977560121231177,1.0,1.0,1.0,1.0,1.0,1.0,1.0,1.0,0.9532701435531455
Treasury_5.0Y,0.7069067983744214,0.9542243679210665,1.0,1.0,1.0,1.0,1.0,1.0,1.0,1.0,0.7061998915760469,0.9532701435531454,1.0,1.0,1.0,1.0,1.0,1.0,1.0,1.0
Treasury_10.0Y,0.5,0.7069067983744214,0.9542243679210665,1.0,1.0,1.0,1.0,1.0,1.0,1.0,0.4995,0.7061998915760469,0.9532701435531454,1.0,1.0,1.0,1.0,1.0,1.0,1.0
Treasury_15.0Y,0.5,0.5236894365595488,0.821308524768821,1.0,1.0,1.0,1.0,1.0,1.0,1.0,0.4995,0.5231657471229891,0.8204872162440522,1.0,1.0,1.0,1.0,1.0,1.0,1.0
Treasury_20.0Y,0.5,0.5,0.7069067983744214,0.9542243679210665,1.0,1.0,1.0,1.0,1.0,1.0,0.4995,0.4995,0.7061998915760469,0.9532701435531454,1.0,1.0,1.0,1.0,1.0,1.0
Treasury_30.0Y,0.5,0.5,0.5236894365595488,0.821308524768821,0.9542243679210666,1.0,1.0,1.0,1.0,1.0,0.4995,0.4995,0.5231657471229891,0.8204872162440522,0.9532701435531455,1.0,1.0,1.0,1.0,1.0
SOFR_0.25Y,1.0,1.0,1.0,1.0,0.8977560121231177,0.7061998915760469,0.4995,0.4995,0.4995,0.4995,1.0,1.0,1.0,1.0,0.8986546667899077,0.7069067983744214,0.5,0.5,0.5,0.5
SOFR_0.5Y,1.0,1.0,1.0,1.0,1.0,0.9532701435531454,0.7061998915760469,0.5231657471229891,0.4995,0.4995,1.0,1.0,1.0,1.0,1.0,0.9542243679210665,0.7069067983744214,0.5236894365595488,0.5,0.5
SOFR_1.0Y,1.0,1.0,1.0,1.0,1.0,1.0,0.9532701435531454,0.8204872162440522,0.7061998915760469,0.5231657471229891,1.0,1.0,1.0,1.0,1.0,1.0,0.9542243679210665,0.821308524768821,0.7069067983744214,0.5236894365595488
SOFR_2.0Y,1.0,1.0,1.0,1.0,1.0,1.0,1.0,1.0,0.9532701435531454,0.8204872162440522,1.0,1.0,1.0,1.0,1.0,1.0,1.0,1.0,0.9542243679210665,0.821308524768821
SOFR_3.0Y,0.8977560121231177,1.0,1.0,1.0,1.0,1.0,1.0,1.0,1.0,0.9532701435531455,0.8986546667899077,1.0,1.0,1.0,1.0,1.0,1.0,1.0,1.0,0.9542243679210666
SOFR_5.0Y,0.7061998915760469,0.9532701435531454,1.0,1.0,1.0,1.0,1.0,1.0,1.0,1.0,0.7069067983744214,0.9542243679210665,1.0,1.0,1.0,1.0,1.0,1.0,1.0,1.0
SOFR_10.0Y,0.4995,0.7061998915760469,0.9532701435531454,1.0,1.0,1.0,1.0,1.0,1.0,1.0,0.5,0.7069067983744214,0.9542243679210665,1.0,1.0,1.0,1.0,1.0,1.0,1.0
SOFR_15.0Y,0.4995,0.5231657471229891,0.8204872162440522,1.0,1.0,1.0,1.0,1.0,1.0,1.0,0.5,0.5236894365595488,0.821308524768821,1.0,1.0,1.0,1.0,1.0,1.0,1.0
SOFR_20.0Y,0.4995,0.4995,0.7061998915760469,0.9532701435531454,1.0,1.0,1.0,1.0,1.0,1.0,0.5,0.5,0.7069067983744214,0.9542243679210665,1.0,1.0,1.0,1.0,1.0,1.0
SOFR_30.0Y,0.4995,0.4995,0.5231657471229891,0.8204872162440522,0.9532701435531455,1.0,1.0,1.0,1.0,1.0,0.5,0.5,0.5236894365595488,0.821308524768821,0.9542243679210666,1.0,1.0,1.0,1.0,1.0
